{"reinmax_v3-2-Adam-8x4-0.1-0.001-0": [176.96584335327148, 165.12825546264648], "reinmax_v3-2-Adam-8x4-0.1-0.001-1": [177.40129516601561, 167.34318450927734]}